<?xml version="1.0" encoding="UTF-8"?>
<!--This is a Reload version 2.5.5 SCORM 1.2 Content Package document-->
<!--Spawned from the Reload Content Package Generator - http://www.reload.ac.uk-->
<manifest xmlns="http://www.imsproject.org/xsd/imscp_rootv1p1p2" xmlns:imsmd="http://www.imsglobal.org/xsd/imsmd_rootv1p2p1" xmlns:xsi="http://www.w3.org/2001/XMLSchema-instance" xmlns:adlcp="http://www.adlnet.org/xsd/adlcp_rootv1p2" identifier="MANIFEST-CCF726523BF72DD216225223BDA72098" xsi:schemaLocation="http://www.imsproject.org/xsd/imscp_rootv1p1p2 imscp_rootv1p1p2.xsd http://www.imsglobal.org/xsd/imsmd_rootv1p2p1 imsmd_rootv1p2p1.xsd http://www.adlnet.org/xsd/adlcp_rootv1p2 adlcp_rootv1p2.xsd">
  <organizations default="ORG-29C9BA90CC15D29FDBED66047166B7F5">
    <organization identifier="ORG-29C9BA90CC15D29FDBED66047166B7F5" structure="hierarchical">
      <title>拖拽</title>
      <item identifier="ITEM-F2CFBC422A6A9CA344FDB44118429637" isvisible="true" identifierref="RES-12012720902D1B8A7146E0DD93FABAFE">
        <title>拖拽</title>
      </item>
    </organization>
  </organizations>
  <resources>
    <resource identifier="RES-12012720902D1B8A7146E0DD93FABAFE" type="webcontent" href="index.html" adlcp:scormtype="sco">
      <file href="index.html" />
      <file href="js/APIWrapper.js" />
      <file href="js/SCOFunctions.js" />
    </resource>
  </resources>
</manifest>

